Username,Email,Password,Address,City,State,Zip code,Country,user_url,display_name
john,john@mymail.com,mypassword,Rd. Victoria,Atlanta,Georgia,1201,USA,,John Atlanta
javier,javier@micorreo.com,pass,Av. Cervantes,Cordoba,Cordoba,14004,Espana,http://www.linuxhispano.net,Javier Cordoba
elissa,eliss@mymail.com,elis2013,Verona,Ferrara,Ferrara,89891,Italia,,Elissa Ferrara
piere,piere123@mymail.com,passwordf12308rance,Nation,Paris,Dle de la City,28280,France,,Piere Dle
peter,pet@me.com,passpass,National,Washington,Columbia,2001,USA,,Peter Schemicle
luis,luis123@mymail.com,contrasenna,Sol,Madrid,Madrid,28005,Spain,,Luis Sol
eleonora,eleonora@me.com,barele,Spagna,Roma,Roma,10101,Italia,,Barele Spagna
rojer,rojer@mymail.com,bareletreve,Spagna,Roma,Roma,10101,Nigeria,,Spagna Rjer
helen,helen@me.com,helenerele,Spagna,Roma,Roma,49101,Spain,,Roma Helen
nick,nick@me.test,nick007123,Spagna,Roma,Roma,10101,Italia,,Baldrige Nick
rick,rick@micorreo.com,pass123,Av. Cervantes,Cordoba,Cordoba,14004,Espana,http://www.linuxhispano.net,Rick Cordoba
joey,joey@joy.com,patroswordfrance,Nation,Paris,Dle de la City,28280,France,,Tribbiani Joey
monica,mon@monica.com,mo0n123,Central Park,Albany,New York,28280,USA,,Albany Monica
emily,emily.hazardco@har.com,em1323ly,Austin,Texas,Texas,28280,USA,,Austin Emily
johnmary,johnary@mymail.com,testpassword123,Rd. Victoria,Atlanta,Georgia,1201,USA,,Victoria Johnmary
javierjane,javierjane@micorreo.com,passrdopws1,Av. Cervantes,Cordoba,Cordoba,14004,Espana,http://www.linuxhispano.net,Cervantes Jane
elissajane,elissjane@mymail.com,elis2013trove,Verona,Ferrara,Ferrara,89891,Italia,,Del Elissa
piereemery,piereemery@mon.com,pasdsfwordfence,Nation,Paris,Dle de la City,28280,France,,Aubemeyang Piery
peterrovich,peterrovich@me.com,asuughkspass,National,Washington,Columbia,2001,USA,,Ahton Petrovich
luisante,luisperezante@correo.com,cont234234rasenna,Sol,Madrid,Madrid,28005,Spain,,Sol Luisante
eleonoraviera,eleonoraviera@me.com,barele127erg,Spagna,Roma,Roma,10101,Italia,,Roma Elenora
rojerwaters,rojerwaters@myemail.com,barele007ter,Spagna,Roma,Roma,10101,Nigeria,,Pink Floyd
helenndra,helenndra@me.com,heleaaonerele,Spagna,Roma,Roma,49101,Spain,,Keller Helen
johnsmiths,johnsmiths@test.com,nestoedick123,Spagna,Roma,Roma,10101,Italia,,Smith John
rickjonas,rickjonas@micorreo.com,pjktudekass123,Av. Cervantes,Cordoba,Cordoba,14004,Espana,http://www.linuxhispano.net,Jonas Nick
joeyfronse,joeyfronse@jay.com,deslpa0ordrance,Nation,Paris,Dle de la City,28280,France,,Fronso Joey
monicarico,monicarico@mon.com,motsosn123,Central Park,Albany,New York,28280,USA,,Monica Rico
ernemily,ernemilyhazardco@har.com,tesem1203ly,Austin,Texas,Texas,28280,USA,,Adam Mely
johndenver,johndenver@mymail.com,redpasword321,Rd. Victoria,Atlanta,Georgia,1201,USA,,John Denver
stjavier,stjavier@micorreo.com,reprotidlkjeo,Av. Cervantes,Cordoba,Cordoba,14004,Espana,http://www.linuxhispano.net,Xavier St
melissa,melissa@mymail.com,elis2013grdfgr,Verona,Ferrara,Ferrara,89891,Italia,,Lisa Kudro
premary,premary.re@myeamil.com,passworddroke,Nation,Paris,Dle de la City,28280,France,,Mary Permer
peterjane,peterjane@me.com,paassdaas,National,Washington,Columbia,2001,USA,,Peter Jane
zuluis,zuluis@correo.com,c324hontrasenna,Sol,Madrid,Madrid,28005,Spain,,Zulius Cheston
gustavo,gustavo@me.com,bajdfied736ek,Spagna,Roma,Roma,10101,Italia,,Gustavo Sular
rojoperez,rojoperez@mail.com,bareleestrola,Spagna,Roma,Roma,10101,Nigeria,,Perez Rojo
henderson,henderson@me.com,hetrendlenerele,Spagna,Roma,Roma,49101,Spain,,Henderson Jordon
rickson,rickson@test.com,rostnick123,Spagna,Roma,Roma,10101,Italia,,Rickson Balmar
johnsonsmiths,johnsonsmiths@micorreo.com,pass123675herw,Av. Cervantes,Cordoba,Cordoba,14004,Espana,http://www.linuxhispano.net,Doe John
pogba,pogba@manutd.com,passwotrorance,Nation,Paris,Dle de la City,28280,France,,Paul Pogba
rooney,rooney@wayne.com,rustmon123,Central Park,Albany,New York,28280,USA,,Wayne Rooney
zlatan,zlatan@god.com,em123lygkst,Austin,Texas,Texas,28280,USA,,Zlatan Ibrahimobich
